" ""SAMUEL ALLEN TOWNES""",
" ""BERNARD ADAMS REYNOLDS""",
" ""NELSON FOOTE SMITH""",
" ""JOHN THOMAS TANNER""",
" ""JAMES DANELLY ANTHONY""",
" ""JABEZ LAMAR MONROE CURRY""",https://en.wikipedia.org/wiki/Jabez_L._M._Curry
" ""BASIL MANLY JR.""",https://en.wikipedia.org/wiki/Basil_Manly_Jr.
" ""MARY WARE""",
" ""THOMAS JONES TAYLOR""",
" ""JOHN HEYL VINCENT""",https://en.wikipedia.org/wiki/John_Heyl_Vincent
" ""JOHN MASSEY""",
" ""KATE CUMMING""",https://en.wikipedia.org/wiki/Kate_Cumming
" ""ALBERT ALEXANDER McGREGOR""",
" ""JOHN WITHERSPOON DuBOSE""",
" ""HENRY SALE HALBERT""",https://en.wikipedia.org/wiki/Henry_Sale_Halbert
" ""ARCHIBALD BRUCE McEACHIN""",
" ""ISABELLA MARGARET ELIZABETH JOHN BLANDIN""",
" ""GEORGE LITTLE""",
" ""SAMUEL LOWRIE ROBERTSON""",
" ""WILLIAM HENRY SANDERS""",
" ""JASPER E. BYNUM""",
" ""THOMAS COOPER De LEON""",https://en.wikipedia.org/wiki/Thomas_Cooper_de_Leon
" ""EUGENE ALLEN SMITH""",https://en.wikipedia.org/wiki/Eugene_Allen_Smith
" ""WASHINGTON BRYAN CRUMPTON""",
" ""IDORA McCLELLAN PLOWMAN MOORE""",https://en.wikipedia.org/wiki/Idora_M._Plowman
" ""THADDEUS CONSTANTINE WILLIS BREWER""",
" ""MARY EVELINA MOORE DAVIS""",
" ""MARY GORDON DUFFEE""",
" ""JAMES ROBERT MAXWELL""",
" ""JOHN HANNON""",
" ""FREDERICK ARTHUR BRIDGMAN""",https://en.wikipedia.org/wiki/Frederick_Arthur_Bridgman
" ""LOVELACE SAVIDGE FOSTER""",
" ""MARIA HOWARD WEEDEN""",https://en.wikipedia.org/wiki/Maria_Howard_Weeden
" ""WILLIAM HOOPER COUNCILL""",https://en.wikipedia.org/wiki/William_Hooper_Councill
" ""ORION THEOPHILUS DOZIER""",
" ""ALFRED HATCH BENNERS""",
" ""HOWARD MELANCTHON HAMILL""",
" ""ANNIE REBECCA WHITE MELL""",
" ""JOHN LETCHER HUNNICUTT""",
" ""KATE UPSON CLARK""",https://en.wikipedia.org/wiki/Kate_Upson_Clark
" ""THOMAS CHALMERS McCORVEY""",
" ""ROBERT NEILL MOODY""",
" ""HANNIS TAYLOR""",https://en.wikipedia.org/wiki/Hannis_Taylor
" ""ERWIN CRAIGHEAD""",
" ""GEORGE MARCUS CRUIKSHANK""",
" ""ANNA MARIA GAYLE FRY""",
" ""PATTIE WRIGHT STONE""",
" ""SHIRLEY BRAGG""",
" ""WILLIAM PATRICK LAY""",
" ""JOHN HERBERT PHILLIPS""",
" ""ALICE KATE CASH ROLAND""",
" ""WILLIAM CRAWFORD GORGAS""",https://en.wikipedia.org/wiki/William_C._Gorgas
" ""GEORGE ALLAN BEAUCHAMP""",
" ""ANNIE FINLEY GREENE BROWN""",
" ""JOEL CAMPBELL DuBOSE""",
" ""JOSEPH JUDSON TAYLOR""",
" ""CLAUDIUS LYSIAS CHILTON""",
" ""DANIEL PINKNEY CHRISTENBERRY""",
" ""BELLE RICHARDSON HARRISON""",
" ""BENJAMIN HARRISON WILKINS SR.""",
" ""CLAUDE COLUMBUS GRAYSON""",
" ""PHILIP THOMAS HALE""",
" ""MARGARET ELLEN HENRY RUFFIN""",
" ""RUFUS R. WYATT""",
" ""LURA HARRIS CRAIGHEAD""",
" ""NINA BROWNE DE COTTES""",
" ""HORACE MELLARD DuBOSE""",
" ""LAURA ISABELLE WYLIE""",
" ""JOHN WILLIAM BEVERLY""",
" ""GEORGE HUNTINGTON CLARK""",
" ""THOMAS PATRICK CLINTON""",
" ""MARIELOU ARMSTRONG CORY""",
" ""PETER JOSEPH HAMILTON""",https://en.wikipedia.org/wiki/Peter_J._Hamilton
" ""WINFIELD HENRY MIXON""",
" ""KATE AYERS ROBERT""",
" ""CHARLES AVERETT STAKELY""",
" ""MARY POWELL CRANE""",
" ""MARTHA SAWYER GIELOW""",
" ""ANNE BOZEMAN LYON""",
" ""GEORGE PETRIE""",
" ""WILLIAM LUTHER SIBERT""",https://en.wikipedia.org/wiki/William_L._Sibert
" ""ROBERT LEE BULLARD""",https://en.wikipedia.org/wiki/Robert_Lee_Bullard
" ""COLA AMANDA BARR CRAIG""",
" ""WILLIAM RAY DOBYNS""",
" ""ISAAC WILLIAM HILL""",
" ""JOHN BUCKNER LITTLE""",
" ""WILLIAM H. SKAGGS""",
" ""SUSAN KIRKMAN VAUGHAN""",
" ""ANNIE LAURIE WILLIAMS""",
" ""EMILY CAMPBELL ADAMS""",
" ""NORAH KNOWLES DAVIS""",
" ""DOLLY WILLIAMS KIRK""",
" ""OSCAR WILDER UNDERWOOD""",https://en.wikipedia.org/wiki/Oscar_Underwood
" ""ALBERT JOHN FARRAH""",
" ""AGNESS GREENE FOSTER""",
" ""HENRY BACON FOSTER""",
" ""DANIEL ARTHUR GREENE""",
" ""LEILA FEARN LUSK""",
" ""CLARENCE OUSLEY""",
" ""JOHN RICHARD SAMPEY""",
" ""EDWARD MADISON SHACKELFORD""",
" ""GEORGE WILLIAM BROCK""",
" ""WILLIAM PROCTOR GOULD HARDING""",https://en.wikipedia.org/wiki/William_P._G._Harding
" ""ROBERT LOVEMAN""",https://en.wikipedia.org/wiki/Robert_Loveman
" ""KATE MAYHEW SPEAKE PENNY""",
" ""BENNETT BATTLE ROSS""",
" ""WILLIAM EDWARD WADSWORTH YERBY""",
" ""SARAH COBB JOHNSON COCKE""",
" ""LEMUEL ORAH DAWSON""",
" ""CHILES CLIFTON FERRELL""",
" ""JOHN MATTHEWS MANLY""",
" ""WOOLSEY FINNELL""",
" ""ELLA LOWERY MOSELEY""",
" ""WILLIAM J. BOLES""",
" ""IDA WALLIS ELLIOTT""",
" ""JAMES WALTER ELLIOTT""",
" ""FRANCES NIMMO GREENE""",
" ""LAWRENCE HAYWOOD LEE""",
" ""WILLIAM MADISON VINES""",
" ""WILLIAM GARROTT BROWN""",https://en.wikipedia.org/wiki/William_Garrott_Brown
" ""WILLIAM HARLOW CATHER""",
" ""RICHARD HENRY CROSSFIELD""",
" ""JOHN FREDERICK DUGGAR""",
" ""ALGERNON LUNDY SMITH""",
" ""LUTHER ALLEN CONNELL""",
" ""HENRY DAMON DAVIDSON""",
" ""WILLIAM JAMES EDWARDS""",
" ""MARION TOULMIN GAINES""",
" ""GEORGE HUDDLESTON""",https://en.wikipedia.org/wiki/George_Huddleston
" ""WILLIAM HARDWICK RUTH""",
" ""ROBERT ENOC TYLER""",
" ""CHARLES BRAY WILLIAMS""",
" ""ANNE MATHILDE BILBRO""",
" ""JAMES STANISLAUS EASBY-SMITH""",
" ""SEALE HARRIS""",https://en.wikipedia.org/wiki/Seale_Harris
" ""RICHMOND PEARSON HOBSON""",https://en.wikipedia.org/wiki/Richmond_P._Hobson
" ""THOMAS KEENER ROBERTS""",
" ""MILDRED REYNOLDS SAFFOLD""",
" ""HORACE CALLAWAY CARLISLE""",
" ""WILL IRVIN MARTIN""",
" ""BENJAMIN MINGE DUGGAR""",https://en.wikipedia.org/wiki/Benjamin_Minge_Duggar
" ""RIXFORD JOSEPH LINCOLN""",
" ""GUSTAVE FREDERICK MERTINS""",
" ""ADELE KAHN WEIL""",
" ""KATHARINE HOPKINS CHAPMAN""",
" ""JAMES EDWIN COYLE""",
" ""LEE DeFOREST""",https://en.wikipedia.org/wiki/Lee_de_Forest
" ""WILLIAM HENRY FRAZER""",
" ""WILLIAM CHRISTOPHER HANDY""",https://en.wikipedia.org/wiki/W._C._Handy
" ""MAY HARRIS""",
" ""HARDEE JOHNSTON""",
" ""JOHN ROBERT KENNAMER SR.""",
" ""MITTIE ROSE OWEN McDAVID""",
" ""LEONIDAS WARREN PAYNE JR.""",
" ""DAISY WOODRUFF ROWLEY""",
" ""MAY RANDLETTE BECK""",
" ""WALTER LYNWOOD FLEMING""",https://en.wikipedia.org/wiki/Walter_Lynwood_Fleming
" ""WILLIAM HENRY HOLTZCLAW""",https://en.wikipedia.org/wiki/William_Henry_Holtzclaw
" ""GEORGE PULLEN JACKSON""",https://en.wikipedia.org/wiki/George_Pullen_Jackson
" ""HEWITT JOHNSTON""",
" ""THOMAS G. JONES""",https://en.wikipedia.org/wiki/Thomas_G._Jones
" ""MAUDE McKNIGHT LINDSAY""",
" ""MILDRED BREWER RUSSELL""",
" ""HARRY EDGAR WHEELER""",
" ""JAMES OSCAR COLLEY""",
" ""LUTHER NOBLE DUNCAN""",https://en.wikipedia.org/wiki/Luther_Noble_Duncan
" ""CAROLINE GAILLARD HURTEL""",
" ""ETHEL MARIE ARMES""",
" ""ANNIE ROWAN FORNEY DAUGETTE""",
" ""JOHN CHARLES DAWSON""",
" ""ROSS BLACKMON""",
" ""EDGAR CAYCE""",https://en.wikipedia.org/wiki/Edgar_Cayce
" ""JAMES McDONALD COMER""",
" ""JAMES SOMERVILLE McLESTER""",
" ""ELIZABETH CLEVELAND MORRISS""",
" ""EDITH BRITTAIN CRENSHAW TATUM""",
" ""WILLIAM HENRY AMERINE""",
" ""VIRGINIA BULLOCK-WILLIS""",
" ""PAULINE SMITH CRENSHAW""",
" ""HENRY MORRIS EDMONDS""",
" ""CHRISTINE WILLIAMS EDWARDS""",
" ""LEON CLARENCE McCORD""",
" ""FLORENCE HOBSON MORRISON""",
" ""ALFRED GEIGER MOSES""",
" ""MONTROSE JONAS MOSES""",
" ""EMMA LANGDON ROCHE""",
" ""ANNIE LOUISE WATERMAN""",
" ""ALFRED BATTLE BEALLE""",
" ""MALCOLM ALFRED BEESON""",
" ""MALCOLM CLAYTON BURKE JR. """,
" ""FRANCIS XAVIER BUSCH""",
" ""WADDILL CATCHINGS""",
" ""CHARLES WALLACE COLLINS""",
" ""MARY CHILTON CHASE CORNELIUS""",
" ""GRACE ELVINA TRILLIA HINDS CURZON""","https://en.wikipedia.org/wiki/Grace_Curzon,_Marchioness_Curzon_of_Kedleston"
" ""WAIGHTS GIBBS HENRY""",
" ""ROSA BELLE KNOX""",
" ""KATHLEEN MOORE MALLORY""",
" ""ROBERT DAVIS SPRATT""",
" ""JOHN BENNETT BODDIE JR.""",
" ""JOSEPH SAMUEL GANEY""",
" ""HELEN ADAMS KELLER""",https://en.wikipedia.org/wiki/Helen_Keller
" ""ANNE KENDRICK WALKER""",
" ""WILLIAM PUGH WILKES""",
" ""BUCKNER BEASLEY""",
" ""WILLIAM TEMPLE HATCHETT CHANDLER""",
" ""ROSE MAYER FIES""",
" ""MITCHELL BENNETT GARRETT""",
" ""NINA LEFTWICH""",
" ""ROBERT IRVING LITTLE""",
" ""STEWART JOSEPH LLOYD""",
" ""THOMAS WESLEY MARTIN""",
" ""BESSIE ATKINS BROOKS""",
" ""HARWELL GOODWIN DAVIS""",https://en.wikipedia.org/wiki/Harwell_Goodwin_Davis
" ""MILTON HENRY FIES""",
" ""JAMES WILLIAMS MARSHALL""",https://en.wikipedia.org/wiki/James_W._Marshall
" ""ELIZABETH HUMES CHAPMAN""",
" ""ELLA BOOKER COOK""",
" ""ETHEL HOWARD CRUMPTON""",
" ""JOHN McDUFFIE""",https://en.wikipedia.org/wiki/John_McDuffie
" ""FRANK STOLLENWERCK JR.""",
" ""JOHN BUNYAN CLARK""",
" ""WILLIAM W. CLEERE""",
" ""SCOTTIE McKENZIE FRASIER""",https://en.wikipedia.org/wiki/Scottie_McKenzie_Frasier
" ""JOHN FRANK GLAZNER""",
" ""GROVER CLEVELAND HALL""",https://en.wikipedia.org/wiki/Grover_C._Hall
" ""SHEILA HIBBEN""",https://en.wikipedia.org/wiki/Sheila_Hibben
" ""THOMAS EDWARD HUEY""",
" ""EDITH GRACE JEMISON""",
" ""MOLLIE HOLLIFIELD JONES""",
" ""HARVEY BROWN SEARCY""",
" ""FANNY LOCKETT MARKS SEIBELS""",
" ""MARY ELLA POLLARD TYNES""",
" ""LORENZO FERGUSON WOODRUFF""",https://en.wikipedia.org/wiki/Fuzzy_Woodruff
" ""HARRY MELL AYERS""",
" ""MARY TARVER CARROLL""",
" ""JOHN VERNON DENSON""",
" ""JOHN WILLIAM FRAZER""",https://en.wikipedia.org/wiki/John_W._Frazer
" ""WILLIAM SWEARINGEN MUDD""",
" ""WILLIAM PAUL PIM""",
" ""HUGO LAFAYETTE BLACK""",https://en.wikipedia.org/wiki/Hugo_Black
" ""ELMER TALMAGE CLARK""",https://en.wikipedia.org/wiki/Elmer_Talmage_Clark
" ""CHARLES N. FEIDELSON""",
" ""ARTHUR LOEB MAYER""",https://en.wikipedia.org/wiki/Arthur_Mayer
" ""EVA CLYDE STOVALL SCOTT""",
" ""LILY ROSS TAYLOR""",https://en.wikipedia.org/wiki/Lily_Ross_Taylor
" ""IRWIN St JOHN TUCKER""",
" ""ANDREW RICHARD BLISS JR. """,
" ""JEREMIAH M. BURNS""",
" ""LEWY DORMAN""",
" ""MELL ALEXANDER FRAZER""",
" ""ALBERT BURTON MOORE""",
" ""MABEL CLARE RANDALL THOMAS""",
" ""SAMUEL B. COLES""",
" ""EDWARD TARLETON COLLIER""",
" ""MARIE ALDRICH CRAVNER""",
" ""MORRIS LEOPOLD ERNST""",https://en.wikipedia.org/wiki/Morris_Ernst
" ""DANA KING GATCHELL""",
" ""WALTER BURGWYN JONES""",
" ""HARRY HARRISON KROLL""",https://en.wikipedia.org/wiki/Harry_Harrison_Kroll
" ""SIDNEY P. LAZARUS""",
" ""HOWARD FURMAN McCORD""",
" ""CLEMENT RICHARDSON WOOD""",https://en.wikipedia.org/wiki/Clement_Wood
" ""HELEN SMITH WOODRUFF""",
" ""FRANCES GILDART RUFFIN DURHAM""",
" ""FRANCES ORMOND JONES GAITHER""",
" ""JAMES R. GARBER""",
" ""MARY WALLACE KIRK""",
" ""ROBERT McDONALD LESTER""",
" ""JAMES BENSON SELLERS""",
" ""GEORGE PLATT WALLER""",
" ""THOMAS PERKINS ABERNETHY""",https://en.wikipedia.org/wiki/Thomas_Perkins_Abernethy
" ""EDWARD CHAMBERS BETTS""",
" ""RANDOLPH FAIRFAX BLACKFORD""",
" ""EDGAR WATTERSON BRANYON""",
" ""RALPH WALDO COWART""",
" ""POSEY OLIVER DAVIS""",
" ""BEN SAMUEL GROSS""",
" ""EMMETT KILPATRICK""",
" ""ALICE ALISON LIDE""",
" ""BASIL BEASLEY McGINTY""",
" ""FRANK LAWRENCE OWSLEY""",https://en.wikipedia.org/wiki/Frank_Lawrence_Owsley
" ""WILLIAM WHATLEY PIERSON""",
" ""LOUISE CRENSHAW RAY""",
" ""WILLIAM MICAJAH SPENCER JR.""",
" ""MINNIE LOUISE STECKEL""",
" ""MARTEN TEN HOOR""",
" ""TRUMAN HUDSON ALEXANDER""",
" ""ELIZABETH HARRIET KELLY ALLISON""",
" ""LOTTIE COPLAN BANDMAN""",
" ""WILLIAM GLEASON BEAN""",
" ""OLIVER CROMWELL CARMICHAEL""",https://en.wikipedia.org/wiki/Oliver_Carmichael
" ""HALLIE FARMER""",
" ""JULIA MAY HARRIS""",
" ""BESSIE MARTIN""",
" ""MITFORD McLEOD MATHEWS""",
" ""THOMAS WAVERLY PALMER JR.""",
" ""LUTHER PATRICK""",
" ""EDGAR LEGARE PENNINGTON""",
" ""HARRIET FITTS RYAN""",
" ""CHARLES BUNYAN SMITH""",
" ""HENRY CLAY VANCE""",
" ""GEORGE LESTER VAUGHAN""",
" ""ELIZABETH TYLER COLEMAN""",
" ""BLANCHE EVANS DEAN""",
" ""ARTHUR GEORGE GASTON""",https://en.wikipedia.org/wiki/A._G._Gaston
" ""CHARLES FRANKLIN LEEK""",
" ""MARTHA LYMAN SHILLITO""",
" ""ESTELLE SCROGGINS SMITH""",
" ""LUCILLE KEY THOMPSON""",
" ""MARTIN LUTHER BECK""",
" ""DANYLU BELSER""",
" ""WILLIAM EDWARD MARCH CAMPBELL""",
" ""HUGH EARLE CONWELL""",
" ""JOHN PALMER CUMMING""",
" ""HIRAM KENNEDY DOUGLASS""",
" ""KATE PORTER LEWIS""",
" ""FLORA MAE MILNER PIKE""",
" ""LOIS YELVERTON""",
" ""HUNTER BRYSON BLAKELY""",
" ""BENNETT HARVIE BRANSCOMB""",
" ""JOHN SHIELDS COLEMAN""",
" ""NELLIE MORRIS JENKINS""",
" ""ELMER PENDELL""",
" ""ALBERT EDWARD BARNETT JR.""",
" ""LORETTA ANN DEERING BLISS""",
" ""FESTUS MALACHI COOK""",
" ""JOSHUA ARTHUR GANN""",
" ""LELIAS EUGENE KIRBY""",
" ""AUGUST HOWARD MASON""",
" ""LADIE AVERETTE FONVILLE PENICK""",
" ""ARTHUR PRESTON WHITAKER""",
" ""CORA CHASTANG BARNETT""",
" ""ANNIE LOUISE RYDER BUSH""",
" ""MARGARET GILLIS FIGH""",
" ""WILLIAM ARMISTEAD GAYLE JR.""",
" ""CAROLYN LANE LUTTRELL""",
" ""MAXWELL SAVELLE""",
" ""HENRY THOMAS SHANKS""",
" ""MATTIE COLE STANFIELD""",
" ""ALBERTA HINDS TATE""",
" ""BAMA WATHAN WATSON""",
" ""THOMAS EUGENE WYATT""",
" ""HUL-CEE MARCUS ACTON""",
" ""RUCKER AGEE""",
" ""WILLIAM KING ASKEW""",
" ""OLIVE BROOKS""",
" ""MARVIN ELLIS BUTTERFIELD""",
" ""JOHN LESLIE CARMICHAEL""",
" ""PETER ARCHIBALD CARMICHAEL""",
" ""McKINLEY CASH""",
" ""BRADFORD CLAUDE COLCORD""",
" ""HUNTER DICKINSON FARISH""",
" ""CATO DOUGLAS GLOVER""",
" ""ROBERT LESLIE JAMES""",
" ""LORRIN GARFIELD KENNAMER""",
" ""ROY RACHFORD KRACKE""",
" ""ELOISE LIDDON""",
" ""MILDRED FRANKLIN DODSON McMURRY""",
" ""JOHN LESLIE MIXSON""",
" ""HENRY CLIFTON PANNELL""",
" ""STELLA HARRIS WALKER""",
" ""HENRY WELCH ADAMS""",
" ""ROBERT A. BOWEN""",
" ""WILLIAM HENDERSON BRANTLEY JR.""",
" ""LOU BROWN""",
" ""MATTHEW WILLIAM CLINTON""",
" ""WALTER MAHAN JACKSON""",
" ""WALTER WALLACE KENNEDY""",
" ""EDWIN BRAGG LANCASTER""",
" ""ELOISE WHITLOW MERONEY""",
" ""IRENE BRINSON MUNRO""",
" ""ANLOUISA PEARSON""",
" ""HUGH LEE TAYLOR""",
" ""KATHERINE VICKERY""",
" ""MARY BEHRENDSEN WARD""",
" ""JOHN PEAVEY WRIGHT""",
" ""INEZ ELLIOTT ANDERSEN""",
" ""FANNA MAI KEES BEE""",
" ""HENRY BASCOM COLLINS""",
" ""RALPH BROWN DRAUGHON""",
" ""WILLIAM TEAGUE GAY""",
" ""JOHN MENDINGHALL GIBSON""",
" ""HOWARD HILL""",
" ""BESSIE WEBB JAYNES""",
" ""JOSEPH LEWIS""",
" ""JOHN L. MATTHEWS""",
" ""WILLIAM BENJAMIN MAULDIN""",
" ""FRANKLIN SHACKELFORD MOSELEY""",
" ""ROBERT LOVE PARTIN""",
" ""CHELSEA IVO HALL SPARKMAN""",
" ""LUCILE VERNON STEVENS""",
" ""HOWELL HUBERT VINES""",
" ""GLADYS BAKER""",
" ""PHELAN BRIGHT BRASHER""",
" ""WILBURT SCOTT BROWN""",
" ""RACHEL-DUKE HAMILTON CANNON""",
" ""ZELDA SAYRE FITZGERALD""",https://en.wikipedia.org/wiki/Zelda_Fitzgerald
" ""GLADYS HINDS""",
" ""JAMES WILLIAM McQUEEN""",
" ""WILLIAM JAMES RUSHTON""",
" ""WILLIAM PHILIP SPRATLING JR.""",
" ""CLEMENT ALLEN TAYLOR""",
" ""HARPER COUNCIL TRENHOLM""",
" ""AUGUST BURGHARD""",
" ""FELIX LOSSING CIRLOT""",https://en.wikipedia.org/wiki/Felix_L._Cirlot
" ""HERSTON MACAGER COOPER""",
" "" SIDNEY WARREN JACKSON SR.""",
" ""RAYMOND PAUL MALLON""",
" ""RICHEBOURG GAILLARD McWILLIAMS""",
" ""GRETCHEN KNIEF SCHENK""",
" ""IRENE WILLIAMS""",
" ""MARY FARLEY WILLIS""",
" ""VIRGINIA ANN HOOPER BARTON""",
" ""ELEANOR BOYCE BROADUS""",
" ""WILLIAM YOUNG ELLIOTT SR.""",
" ""KATHERINE ELIZA FORNEY""",
" ""EDWIN PRESLEY HALL""",
" ""JOHN PETER KOHN JR.""",
" ""ROSE MARIE GIBBONS LOVETT""",
" ""RALPH MUSE LYON""",
" ""CLARABEL ISDELL McDONALD""",
" ""ROBERT WOODDY TAYLOR""",
" ""AUSTIN LEWIS VENABLE""",
" ""TALLULAH BROCKMAN BANKHEAD""",
" ""CELINA LUZANNE BOOZER""",
" ""GWEN BRISTOW""",
" ""WILLIAM HARVEY BUNCE""",
" ""ALBERT EUGENE CASEY""",
" ""GERTRUDE ALEXANDER CLEMMONS""",
" ""MATTIE LOU TEAGUE CROW""",
" ""VIRGINIA HEARD FOSTER DURR""",
" ""WILLIAM STANLEY HOOLE""",
" ""LAWRENCE HAYWOOD LEE JR.""",
" ""AGNES MAY""",
" ""FRANKLIN THRESHER McCANN""",
" ""LILLIAN FORT MEEKS""",
" ""JOSEPH HOWARD PARKS""",
" ""HERMAN E. STRONG""",
" ""LINTON LOMAS BARRETT""",
" ""RUTH FOREMAN BOATWRIGHT""",
" ""DEWEY C. BROOKINS""",
" ""RICHARD CHASE""",
" ""WADE HAMPTON COLEMAN JR.""",
" ""HERVEY FILES CRENSHAW JR.""",
" ""RHODA COLEMAN ELLISON""",
" ""ERIN LIVINGSTON FENDLEY""",
" ""DIXIE LOUISE GRANTHAM""",
" ""FRANCIS HUTCHESON HARE""",
" ""JOSEPH CLAUDE HAYES""",
" ""ELBERT CALVIN HENDERSON""",
" ""HENRIETTA FONTAINE McCORMICK HILL""",
" ""ROBERT McCLELLAN HILL""",
" ""FLORENCE SMITH JENKINS""",
" ""SPENCER BIDWELL KING""",
" ""LILLIAN CAMPBELL PROUT LONG""",
" ""JULIAN DOSSY MANCILL""",
" ""ROBERT NEVILLE MANN""",
" ""CHARLES COKER McWHORTER""",
" ""DANIEL HARRISON THOMAS""",
" ""EARL LEE TUCKER""",
" ""CLANTON WARE WILLIAMS""",
" ""EVA BELLE BERRY""",
" ""ROBERT DANE COOK""",
" ""WILLIAM EDWARDS FORT JR.""",
" ""LUCY ARIEL WILLIAMS HOLLOWAY""",
" ""WILLIAM HARRISON JENKINS""",
" ""PAULINE McLEOD LOGUE""",
" ""SARA MAYFIELD""",
" ""L. DON MILEY""",
" ""JAMES FREDERICK SULZBY JR.""",
" ""JAMES ALLEN TOWER""",
" ""HERBERT WEAVER""",
" ""AMASA BENJAMIN WINDHAM""",
" ""MARY E. BRANTLEY""",
" ""NORMAN AYLSWORTH BRITTIN""",
" ""WELDON COOPER""",
" ""FLOYD R. DUNN""",
" ""WILLIAM PERRY FIDLER""",
" ""KATHLEEN YERGER JOHNSTONE""",
" ""BENNIE CATHERINE MELLOWN""",
" ""JOSIAH HUBERT SCRUGGS JR.""",
" ""IDALEA CROCKER BRINKLEY""",
" ""CRANFORD HERMAN BURNS""",
" ""ROSA LEE BUSBY""",
" ""KATE W. CONSTANCE""",
" ""DAVID LLOYD DeJARNETTE""",
" ""EDDY LANIER KING GILMORE""",
" ""KATHERINE HALE HANLIN""",
" ""KARL C. HARRISON""",
" ""CHARLES AUBREY HEARN""",
" ""SAMUEL LAWRENCE JOHNSON""",
" ""GEORGE BURKE JOHNSTON""",
" ""GEORGE RILEY KERNODLE""",
" ""IDALEE M. LYLE""",
" ""JAMES BENJAMIN McMILLAN""",
" ""THELMA THOMSON SLAYDEN""",
" ""WESLEY SYLVESTER THOMPSON""",
" ""ALYCE BILLINGS WALKER""",
" ""CHARLES BEAUMONT WICKS""",
" ""THOMAS YOUNG ABERNETHY""",
" ""OLA GRACE BAKER""",
" ""CLINT BONNER""",
" ""FLORINE COATS""",
" ""ZELIA STEPHENS EVANS""",
" ""SIDNEY BERNARD FINN""",
" ""RICHARD BORDEN FREEMAN""",
" ""WILLIAM FENNER FRYE JR.""",
" ""HENRY POELLNITZ JOHNSTON""",
" ""JOHN LUSKIN""",
" ""LEON MEERTIEF MACON""",
" ""JOHN WILLIAM McKINNEY""",
" ""JAMES MAX McMURRAY""",
" ""JOHN LEWIS SANDLIN""",
" ""JEROME WILLIAMS SCHWEITZER""",
" ""MILDRED LEE SCUDDER""",
" ""CHARLES GRAYSON SUMMERSELL""",
" ""GLENN L. WELLS""",
" ""MAY AUGUSTA BRUNSON""",
" ""MARIAN BROWN COCKRELL""",
" ""ALMA FAY HUNT""",
" ""ZELON B. JONES""",
" ""WELBOURN KELLEY""",
" ""MARGERY THOMPSON LOCKHART""",
" ""HILARY HERBERT LYONS JR.""",
" ""ALLEN MOBLEY PEARSON""",
" ""JEANNETTE JOHNSON VARNER""",
" ""GLADYS G. WARD""",
" ""LAEL TUCKER WERTENBAKER""",
" ""WILLIAM TATE WHITMAN""",
" ""EDWARD WARE BARRETT""",
" ""CHARLES SHEPARD DAVIS""",
" ""WILLIAM COLUMBUS DAVIS""",
" ""WAIGHTS GIBBS HENRY JR.""",
" ""GEORGE MCNEILL RAY""",
" ""MARGARET DAVIDSON SIZEMORE""",
" ""WYNDHAM NELSON SOUTHGATE""",
" ""ANNIE CROOK WATERS""",
" ""BERNERD CLARKE WEBER""",
" ""EDNA EARLE SMITH ARNOLD""",
" ""HELEN FRIEDMAN BLACKSHEAR""",
" ""JOHN HOMER BLACKSTONE""",
" ""SARA BROOKS""",
" ""GORDON THOMAS CHAPPELL""",
" ""ANNIE MELL FAULK CRAWFORD""",
" ""ETHEL MILLER GORMAN""",
" ""HARRIET HASSELL""",
" ""FRANCES MARCHMAN HONOUR""",
" ""MELISSA DEARING JACK HURT""",
" ""GERALD LANGFORD""",
" ""SARA ELIZABETH MASON""",
" ""JAMES HART McCOWN""",
" ""JOSEPH FORDE ANTHONY McMANUS""",
" ""GLOVER MOORE""",
" ""JOHN HAZARD WILDMAN""",
" ""WILLIAM FIELDS BAILEY""",
" ""SAMUEL BOOTH BARKER""",
" ""HOWARD BARNEY""",
" ""NELL HUGHEY BRASHER""",
" ""JAMES FLETCHER DOSTER""",
" ""MARGARET PACE FARMER""",
" ""ALBERT SIDNEY FOLEY""",
" ""ALFIE CASEY HORN""",
" ""DOROTHY LOUISE MILAM JULICH""",
" ""LOUISE JANE MOSES""",
" ""GORDON CHASON SAYLORS""",
" ""VIVIAN SMALLWOOD""",
" ""SUSAN B. SMELLEY""",
" ""VIRGINIA EGGERTSEN SORENSEN""",
" ""DONALD STUART STRONG""",
" ""OPAL B. WELLS""",
" ""GARET VAN ANTWERP ALDRIDGE""",
" ""MEL ALLEN""",https://en.wikipedia.org/wiki/Mel_Allen
" ""VAN ALLEN BRADLEY""",
" ""WARNER W. CARLSON""",
" ""NELLA JEAN CHAMBERS""",
" ""PAUL LIVINGSTONE CLEM""",
" ""MARY BIVINS GERON COUNTESS""",
" ""WILLIAM H. DAVIDSON""",
" ""CARL ATWOOD ELLIOTT""",https://en.wikipedia.org/wiki/Carl_Elliott
" ""HELEN FULLER""",
" "" ROBERT L. GLYNN""",
" ""ERNEST CROUSE IKENBERRY""",
" ""GEORGE EVERARD KIDDER SMITH""",
" ""JOSEPH FRANCES VOLKER""",
" ""KENNETH R. WHITING""",
" ""SALLY LEE WOODALL""",
" ""HAROLD SYLVESTER COULTER""",
" ""ANDREW EDINGTON""",
" ""DOROTHEA WARREN FOX""",
" ""DENSON NAULS FRANKLIN""",
" ""OLA McDILL McCOWN GASSMAN""",
" ""RUTH THOMAS HALBROOKS""",
" ""EMILY STAPLES VAN ANTWERP HEARIN""",
" ""HOWARD LAMAR HOLLEY""",
" ""ALTO LOFTIN JACKSON""",
" ""CARL FREEMAN LUCKEY""",
" ""JAMES LEWIS MERRIWETHER""",
" ""EDWARD N. SIMMONS""",
" ""MARY ANTHONY STRONG""",
" ""BUCKNER BEASLEY TRAWICK""",
" ""ROSA LYON TRAYLOR""",
" ""OLIVER CORNELIUS WEAVER""",
" ""GWENDOLYN ROBERSON WOODRUFF""",
" ""MARGARET ABIGAIL WALKER ALEXANDER""",https://en.wikipedia.org/wiki/Margaret_Walker
" ""ALTHA THOMPSON DeLOACH""",
" ""LARSTON DAWN FARRAR""",
" ""PHILIP MATTHEW FITZPATRICK""",
" ""ROBERT FAUCETT GIBBONS""",
" ""WILLIAM THORNBURY GOING""",
" ""GROVER CLEVELAND HALL JR.""",
" ""ELIZABETH CRAIG HILL""",
" ""GOLDA WATSON JOHNSON""",
" ""WILLIAM LIONEL McCRACKEN""",
" ""ROBERT BLAKELY McNEILL""",
" ""JOHN CRAIG STEWART""",
" ""FRED SHELTON WATSON""",
" ""YORK YOUNG WILLBERN""",
" ""CARL FREDERICK BENSON""",
" ""CHARLES A. BOSWELL""",
" ""MARY VIRGINIA POUNDS BROWN""",
" ""FRANCES CAROLYN LEE BURKART""",
" ""CORA CHENEY""",
" ""VIRGINIA JAMES COOK""",
" ""MILES AXE COPELAND JR.""",https://en.wikipedia.org/wiki/Miles_Copeland_Jr.
" ""JULIA COLEY DUNCAN""",
" ""RALPH CHARLES HAMMOND""",
" ""EUGENE HARPER JOHNSON""",
" ""MARY MARTIN JONES""",
" ""JANIE LOTT""",
" ""THOMAS DENNIS McDONALD""",
" ""JOHN KENNETH MORLAND""",
" ""THURSTON POWELL""",
" ""FRANCES CABANISS ROBERTS""",
" ""FRANKLYN HALEY SWEET""",
" ""KENNETH ARMISTEAD UNGERMANN""",
" ""ROBERT HENRY WALKER JR.""",
" ""HERBERT BUELL WEST""",
" ""NANIA CHAMPNEY ALBA""",
" ""HARRISON CLARKE ALLISON""",
" ""ALLEN JOHNSTON GOING""",
" ""MARGUERITE SPRADLING JOHNSTON""",
" ""JOHN WEBSTER KIRKLIN""",https://en.wikipedia.org/wiki/John_W._Kirklin
" ""EDGAR LEON McGRAW""",
" ""ELVA BELL McLIN""",
" ""LEOVIS COATS WHITT""",
" ""RICHARD DUNCAN BAXTER""",
" ""JAMES MONROE CANNON III""",
" ""MARIE DOWNS CHITWOOD""",
" ""ISRAEL JOSHUA GERBER""",
" ""MARTIN GRIMES""",
" ""PRESTON JOHN HUBBARD""",
" ""CLINTON PATRICK KING""",
" ""HENRY CARLTON LINDSEY""",
" ""GERALDINE HAMILTON MOORE""",
" ""MABEL MURPHY SMYTHE-HAITHE""",
" ""JESSE HARRISON WHEELER JR.""",
" ""HERBERT LEE WILLIAMS""",
" ""CHARLES HOWARD WRIGHT""",
" ""CLETTUS ATKINSON""",
" ""JAMES LEONARD BATES""",
" ""JAMES BOGGS""",https://en.wikipedia.org/wiki/James_Boggs_(activist)
" ""BERNARD RICH BREYER""",
" ""AUSTIN CHARLES DOBBINS""",
" ""VIRGINIA BRADFORD GREER""",
" ""BENNETT DAVIS MARSHALL""",
" ""DAVID PIERCE MASON""",
" ""DAISY MADARIS STYLES""",
" ""GEORGE CORLEY WALLACE""",https://en.wikipedia.org/wiki/George_Wallace
" ""JOE BARNES""",
" ""WILLIAM CLAIBORNE BERNEY""",
" ""ROBERT OWEN BOWEN""",
" ""JAMES WILLIAM CAMBRON""",
" ""LOUISE HAYES EARLY""",
" ""DONALD EDWARD EVERETT""",
" ""RICHARD NELSON FRYE""",https://en.wikipedia.org/wiki/Richard_N._Frye
" ""THOMAS GRADY GALLANT""",
" ""ANDREW GLAZE III""",https://en.wikipedia.org/wiki/Andrew_Glaze
" ""BETTINA BLANCHE PEARSON HIGDON""",
" ""SAMUEL REXFORD KENNAMER""",
" ""HILARY H. MILTON""",
" ""CARL P. MORTON""",
" ""CAUSTON HENRY ROBINSON""",
" ""MURPHY DEWITT SMITH JR.""",
" ""WILLIAM BRADLEY TWITTY""",
" ""JEANNE APPLETON VOLTZ""",
" ""EDWIN T. WITT""",
" ""MABRA GLENN ABERNATHY""",
" ""WALTER ROBERTS ADKINS JR. """,
" ""DAVID STRODE AKENS""",
" ""MARY EDNA ANDERS""",
" ""RAY M. ATCHISON""",
" ""PAUL CLINTON BAILEY""",
" ""JAMES CLARENCE BALLARD""",
" ""WILLIAM STEWART BELL""",
" ""MARGARET AUBREY TOULMIN CARNEY""",
" ""ADRIAN GEORGE DANIEL""",
" ""HERNDON GLENN DOWLING""",
" ""ROLAND MUSHAT FRYE""",
" ""VIRGINIA VAN DER VEER HAMILTON""",
" ""JOHN EDWIN JOHNS""",
" ""JOHN BOWMAN JOHNSON""",
" ""JOHN MAXWELL JONES JR.""",
" ""LAWRENCE KAHN""",
" ""ALICE REBECCA LOVVORN""",
" ""WILLIAM JOHNSTON LYMAN JR.""",
" ""JOSEPH VINCENT RIDGELY""",
" ""ROBERTA RYAN""",
" ""TAZEWELL TAYLOR SHEPARD JR.""",
" ""EUGENE WORTSMAN""",
" ""JOHN WILLIAM YOLTON""",
" ""HUGO LAFAYETTE BLACK JR.""",
" ""RAY BROADUS BROWNE""",https://en.wikipedia.org/wiki/Ray_B._Browne
" ""WILLIAM EDWARD CARMICHAEL""",
" ""FRANCES TUNNELL CARTER""",
" ""THOMAS WALTER DANIEL JR.""",
" ""EMMA LILA FUNDABURK""",
" ""MARY (POLLY) SAMFORD JERNIGAN""",
" ""JAMES RALPH SCOTT JOHNSON""",
" ""RUTH SCHMIDT SPENCE""",
" ""JOSEPH EDMUND WELCH""",
" ""DAVID HART WHITE""",
" ""MILDRED SULSER WRIGHT""",
" ""HENRY CHARLES BARRETT""",
" ""ALBERT D. BIDERMAN""",
" ""MARY KIMBRO BUTLER""",
" ""IVIE EDWARD CADENHEAD JR. """,
" ""SILAS DOUGLASS CATER""",
" ""THOMAS INCHES DICKSON JR.""",
" ""JEANNE GARRARD""",
" ""NETTYE GEORGE KENT GODDARD""",
" ""ARCHIE LOUIS LACEY""",
" ""VIRGINIA LAW""",
" ""GROVER STEPHEN McLEOD""",
" ""ISAAC ROBBINS III""",
" ""ROBERT LAWRENCE SAUNDERS""",
" ""RUFUS BUIN SPAIN""",
" ""GRACE EZELL WEEKS""",
" ""BENJAMIN BURFORD WILLIAMS""",
" ""LEON D. WILLMAN""",
" ""MARY JO ALEXANDER""",
" ""MARY GORDON PERKINS BACON""",
" ""WILLIAM HOMER BONNER""",
" ""DALE LEWIS CRAMER""",
" ""JEREMIAH ANDREW DENTON JR.""",https://en.wikipedia.org/wiki/Jeremiah_Denton
" ""ALLEN McCAIN GARRETT""",
" ""CHARLES ERIC LINCOLN""",https://en.wikipedia.org/wiki/C._Eric_Lincoln
" ""MAYME RUTH McCONNELL LUCIER""",
" ""HUGH STANFORD PEAK""",
" ""JOHN RONNER""",
" ""ROBERT VAN DYKE SMALL""",
" ""JAMES JOSEPH THOMPSON""",
" ""ANN WOOD WALDRON""",https://en.wikipedia.org/wiki/Ann_Waldron
" ""FAYE ACTON AXFORD""",
" ""ASA EARL CARTER""",https://en.wikipedia.org/wiki/Asa_Earl_Carter
" ""JAMES GRAHAM COOK""",
" ""LUTHER COX""",
" ""ARTHUR TAYLOR DICKINSON JR.""",
" ""DENNIS STEWART FLOYD""",
" ""MARY DOUGLAS FUNDABURK FOREMAN""",
" ""JOHNNIE GENEVA RODEN DOLE GAMBEL""",
" ""J. HERBERT GILMORE JR.""",
" ""ANN HELLEBUSCH HEBSON""",
" ""MADISON PERCY JONES JR.""",
" ""JESSE J. LEWIS""",
" ""ENRIQUE RUIZ-FORNELLS""",
" ""HARRIS SAUNDERS JR.""",
" ""HAROLD CLYDE STEELE""",
" ""RICHARD JAMES STEIN""",
" ""RALPH DAVID ABERNATHY""",https://en.wikipedia.org/wiki/Ralph_Abernathy
" ""MARILYN DAVIS HAHN BAREFIELD""",
" ""ROBERT EUGENE BELL""",
" ""ANDREW BILLINGSLEY""",
" ""FREDERICK JOHN BOEHLKE JR.""",
" ""BERT EDWARD BRADLEY""",
" ""SARA NEWTON CARROLL""",
" ""GWEN ANDERS EDWARDS""",
" ""ARTHUR ERNEST FITZGERALD""",
" ""ELIZABETH SIMMONS HOWARD""",
" ""RILEY NICHOLAS KELLY""",
" ""NELLE HARPER LEE""",https://en.wikipedia.org/wiki/Harper_Lee
" ""THOMAS ALFRED McFARLAND JR.""",
" ""DANIEL JOHN MEADOR""",
" ""EDWIN ARTHUR MILES""",
" ""ANDREW REID SMITH II""",
" ""ARTHUR LONZO WALKER JR.""",
" ""BOBBY RAY BEARDEN""",
" ""OLLEN LAWRENCE BURNETTE JR.""",
" ""CECIL DAWKINS""",https://en.wikipedia.org/wiki/Cecil_Dawkins
" ""BENJAMIN DILLARD DUNCAN""",
" ""MOSES L. GLENN""",
" ""MIRIAM HIGGINBOTHAM""",
" ""DAVID EDSEL JOHNSON""",
" ""JAMES WILLIAM JOHNSON""",
" ""WILLIAM McKENDREY JONES""",
" ""JO MYRLE COLBURN KENNEDY""",
" ""CORETTA SCOTT KING""",https://en.wikipedia.org/wiki/Coretta_Scott_King
" ""INA FINCHER LOWRY""",
" ""DOROTHY CARTER McDONALD""",
" ""WILLIAM LINDSEY McDONALD""",
" ""JACK SOLOMON""",
" ""SANDOL STODDARD""",
" ""THOMAS COLEMAN TURNER""",
" ""JAMES W. AYERS""",
" ""MILTON PERRY BROWN JR. """,
" ""WILLIAM PETTUS BUCK""",
" ""MERLE TILLEY CARROLL""",
" ""VERRELL DONALD ELAM""",
" ""VICTOR B. HAAGEN""",
" ""FRANK LAWRENCE OWSLEY JR.""",
" ""OTIS DAVIS SIMMONS""",
" ""LOUIS SNELLGROVE""",
" ""HUGH COLEMAN BAILEY""",
" ""MARY ANN CRENSHAW""",
" ""RICHARD PERRINO EMMET""",
" ""ASA NORMAN GREEN""",
" ""JOANN HARRISON""",
" ""JOHNNY RAY JOHNSON""",
" ""JEAN THOMPSON LAKE""",
" ""BOBBY L. LINDSEY""",
" ""EARLENE WOODS LUIS""",
" ""REX MILLER""",
" ""BETTY JUNE PARKER""",
" ""LEWIS G. ROBINSON""",
" ""WILLIAM JAMES RUSHTON III""",
" ""JAN BARNETT SHIPPS""",
" ""C. RAY SMITH""",
" ""BRANDON BUSTER SPARKMAN""",
" ""CLAUDIA PATRICK WALLACE STROTHER""",
" ""ROBERT DAVID WARD""",
" ""EDWARD OSBORNE WILSON""",https://en.wikipedia.org/wiki/E._O._Wilson
" ""ESTELLE ANSLEY WORRELL""",
" ""THOMAS LANE BUTTS""",
" ""ANN FLEMING DEAGON""",
" ""WILLIAM EDWIN FANN""",
" ""GEORGE THEODORE FELKENES""",
" ""DOT (DOROTHY JANE) PADGETT GRAF""",
" ""GUYTON BOWERS HAMMOND""",
" ""DAVID EDWIN HARRELL JR.""",
" ""ALLEN WOODROW JONES""",
" ""MARJORIE LEES LINN""",
" ""TAYLOR DOWE LITTLETON""",
" ""ALVA HUGH MADDOX""",
" ""PHILIP JAMES McFARLAND""",
" ""ROBERT LEE PERKINS""",
" ""FRED COLSON ROBINSON""",
" ""WILLIAM CARTER WALL JR.""",
" ""ELBERT L. WATSON""",
" ""GEORGE KENDRICK WILLIAMS""",
" ""EUGENE LACOSTE WILLIAMSON JR.""",
" ""MARION BAILEY BRUNSON""",
" ""JANIE BROWN BUCK""",
" ""BILLY JAMES CHITWOOD""",
" ""PAUL ABERNATHY CROW JR.""",
" ""JOHN HUGH FOSHEE""",
" ""CURTIS TALMON HENSON JR.""",
" ""WALTER DAVID LEWIS""",
" ""THEODORE JAY LOWI""",https://en.wikipedia.org/wiki/Theodore_J._Lowi
" ""SILAS EMMETT LUCAS""",
" ""RICHARD LAMAR ROWAN""",
" ""CLAUDE VINCENT SAIA""",
" ""HARPER SHANNON""",
" ""ROBERT SELLERS SMITH""",
" ""WARREN TREST""",
" ""CHARLES SULLIVAN WATSON""",
" ""WALTER MATTHEW ALBRITTON JR.""",
" ""DANIEL ERSKINE CARMICHAEL""",
" ""CHARLES WESLEY COPELAND JR.""",
" ""MILLY COWLES""",
" ""VINCENT JOSEPH DOOLEY""",https://en.wikipedia.org/wiki/Vince_Dooley
" ""RICHARD GLEN EAVES""",
" ""EUGENE KEENAN GARBER""",
" ""E. BRUCE HARRISON""",
" ""HARLON HILL""",https://en.wikipedia.org/wiki/Harlon_Hill
" ""JACQUELYNE MARY JOHNSON JACKSON""",
" ""ABIGAIL ROBERTS JONES""",
" ""FLOYD FURMAN KEARLEY""",
" ""ALFRED DELANO LIVINGSTON""",
" ""WAYNE A. MEEKS""",https://en.wikipedia.org/wiki/Wayne_A._Meeks
" ""RICHARD OLNEY RUSSELL JR.""",
" ""SARAH NEWMAN SHOUSE""",
" ""THEODORE ZIOLKOWSKI""",https://en.wikipedia.org/wiki/Theodore_Ziolkowski
" ""WAYNE CHANDLER CARGILE""",
" ""ROBERT THOMAS CARGO""",
" ""MICHAEL DINOFF""",
" ""WILLIAM STUART HARRIS""",
" ""JOSEPH ABRAM JACKSON""",
" ""JOHN DANNELLY LOGUE SR.""",
" ""COOPER RICHERSON MACKIN""",
" ""HENRY SEYMOUR MARKS""",
" ""HERBERT WOODWARD MARTIN""",
" ""STEPHEN PARKS STRICKLAND""",
" ""ELDON WEISHEIT""",
" ""HENRY AARON""",https://en.wikipedia.org/wiki/Hank_Aaron
" ""HAROLD LEROY FRANKLIN""",
" ""WADE HENRY HALL""",
" ""LEON TRICE HINDS""",
" ""GAIL RENFROE LAMAR""",
" ""JAMES W. McCAIN""",
" ""MARTHA LEATHERWOOD MOFFETT""",
" ""VIRGINIA VOSS POPE""",
" ""BRYAN BARTLETT STARR""",https://en.wikipedia.org/wiki/Bart_Starr
" ""LEE R. SUMMERLIN""",
" ""ROBINSON J. WARD JR.""",
" ""WYLEY DONALD WARD""",
" ""HAROLD LEROW WEATHERBY JR.""",
" ""SARAH VAN VOORHIS WOOLFOLK WIGGINS""",
" ""MAMIE LOUIS THOMPSON WILSON""",
" ""LEAH MARIE RAWLS ATKINS""",
" ""BETTY SUE DEMPSEY BAGGOTT""",
" ""MILTON LEE BOYKIN""",
" ""FINLEY TRAWEEK EVERSOLE""",
" ""CALVIN McLEOD LOGUE""",
" ""MARSHA KASS MARKS""",
" ""FORREST DAVID MATHEWS""",https://en.wikipedia.org/wiki/F._David_Mathews
" ""JACQUELINE ANDERSON MATTE""",
" ""ROBERT LYNN PENNY""",
" ""ARCHIE PHILLIPS""",
" ""ANNE NALL STALLWORTH""",
" ""FRANK STEELE""",
" ""EDWARD YOUNG McMORRIES”",
" ""CLYDE BOLTON""",
" ""WILLIAM A. CHRISTENBERRY JR.""",https://en.wikipedia.org/wiki/William_Christenberry
" ""MARVA DELOISE NETTLES COLLINS""",https://en.wikipedia.org/wiki/Marva_Collins
" ""ANN CADDELL CRAWFORD""",
" ""HELEN VICTORIA DELPAR""",
" ""FERRELL JENKINS""",
" ""MARGARET JEAN JONES""",
" ""JUDITH HILLMAN PATERSON""",
" ""FRANK SIKORA""",
" ""RICHARD ALAN WASSERSTROM""",
" ""ROBERT HILL COUCH""",
" ""DOUGLAS FELIX LAMONT""",
" ""JONATHAN ASMEL LINDSEY""",
" ""GERALD RAY MATHIS""",
" ""CAROLYNNE BLACKWELL SCOTT""",
" ""MERRILL MAGUIRE SKAGGS""",
" ""OLIVIA SOLOMON""",
" ""PETER GEORGE VAN EGMOND""",
" ""CHARLES JERRY VINES""",
" ""HUGH ELLIOT WRIGHT JR.""",
" ""JOHN CHARLES BUSH""",
" ""CARL MARTIN HAMES""",
" ""MARY LOU CHAPMAN MATHEWS""",
" ""WILLIAM BOBBY McCLAIN""",
" ""THOMAS OLIVER OTT""",
" ""BILLY LEE WILLIAMS""",
" ""THOMAS RADCLIFFE ATKINS""",
" ""ROBERT MARION FULMER""",
" ""EZRA EARL JONES""",
" ""DONALD KAY""",
" ""DONALD WAYNE LINZEY""",
" ""ROY PICKENS""",
" ""G. C. SKIPPER""",
" ""WILLIAM HISTASPAS STEWART""",
" ""CORNELIA ELLIS SNIVELY WALLACE""",https://en.wikipedia.org/wiki/Cornelia_Wallace
" ""DOROTHY BAUGHMAN""",
" ""THEODORE MATTHEW BENDITT""",
" ""DELTON DENNIS BLALOCK""",
" ""PEYTON HAMILTON CARMICHAEL""",
" ""DONALD BRADFORD DODD""",
" ""JAMES WAYNE FLYNT""",https://en.wikipedia.org/wiki/Wayne_Flynt
" ""ROBERT HOUSTON""",
" ""GEORGE W. KNIGHT""",
" ""PANTHEA REID""",
" ""ROBERT GLENN SHERER JR.""",
" ""EDITH EUGENIA ALSTON""",
" ""WAY BANDY""",https://en.wikipedia.org/wiki/Way_Bandy
" ""GREGORY ALBERT BENFORD""",https://en.wikipedia.org/wiki/Gregory_Benford
" ""LOUIS EUGENE BOONE""",
" ""LINDA CLINE""",
" ""WALLACE BOYNTON HENLEY""",
" ""BERT (WILLIAM BERTRAM) HITCHCOCK""",
" ""TIMOTHY HOFF""",
" ""RICHARD EUGENE JACKSON""",
" ""WILLIAM CARVER LENNARD""",
" ""MELTON ALONZA McLAURIN""",
" ""RONNIE THOMAS""",
" ""GLENN LAWRENCE WELLS JR.""",
" ""DAVID DeLEAL WININGER""",
" ""CATHERINE BRYANT ALLEN""",
" ""WILLIAM DEAN BARNARD""",
" ""SLOAN YOUNG II BASHINSKY""",
" ""LARRY D. BENEFIELD""",
" ""BLAINE ALLISON BROWNELL""",
" ""RANDEL HELMS""",
" ""DANIEL WEBSTER HOLLIS III""",
" ""CLEON JOSEPH JONES""",https://en.wikipedia.org/wiki/Cleon_Jones
" ""MARIANNE MERRILL MOATES""",
" ""MORRIS M. PENNY""",
" ""FREDA ODALENE LITTLE PONDER""",
" ""MARILETA SAWYER ROBINSON""",
" ""ANITA SMITH""",
" ""LARRY J. SMITH""",
" ""JOHN STOUDENMIRE""",
" ""THOMAS ELIAS WEATHERLY""",
" ""DAVID C. WEAVER""",
" ""DAVID KIMBALL WILES""",
" ""JON LINN BREEN""",
" ""CHARLES LATHAM GAINES JR.""",
" ""ROBERT S. GAMBLE""",
" ""STEPHEN GOODWIN""",
" ""LINDA CROCKETT GRAY""",
" ""HARVEY HARDAWAY JACKSON III""",https://en.wikipedia.org/wiki/Harvey_Jackson_III
" ""THOMAS M. KNIGHT""",
" ""DAVID H. KNOX JR.""",
" ""SANDERS ANNE LAUBENTHAL""",
" ""PERRY CARLTON LENTZ""",
" ""TENNANT S. McWILLIAMS""",
" ""MAURICE F. METTEE""",
" ""GARY VINCENT SMITH""",
" ""JONATHAN MILLS THORNTON III""",
" ""THOMAS HENRY WILSON""",
" ""PHILIP BEIDLER""",
" ""MICHAEL ANDERSON BRADLEY""",
" ""ANNE CHENEY""",
" ""BUELL E. COBB JR.""",
" ""QUENTIN CROMMELIN JR.""",
" ""ANGELA YVONNE DAVIS""",https://en.wikipedia.org/wiki/Angela_Davis
" ""DANIEL SAVAGE GRAY""",
" ""MARY ELIZABETH JOHNSON""",
" ""EMILY MARTIN""",
" ""DOUGLAS PORCH""",
" ""STEPHEN CHARLES SLOAN""",
" ""JOSEPH CECIL WINGARD""",
" ""WILLARD ANDREW COLLINS""",
" ""BEN COOK""",
" ""LINDA OTT McMURRY""",
" ""ROBERT OLIVER MELLOWN""",
" ""ANNE KENT RUSH""",
" ""KENNETH MICHAEL STABLER""",https://en.wikipedia.org/wiki/Ken_Stabler
" ""PAULETTE VIRGINIA WELCH""",
" ""DAVID L. HARTLINE""",
" ""COLEMAN AUBREY LOLLAR JR.""",
" ""LEE ERSKINE WILLIAMS II""",
" ""JAMES PAT CATHER""",
" ""THERON MICHAEL COVIN""",
" ""MARILYN ANNE LOSCO MICHAEL""",
" ""FRANK STEWART""",
" ""EVE IDA BARAK BRILES""",
" ""ROBERT GAINES CORLEY""",
" ""JOHN ALEX FLOYD JR.""",
" ""DAVID P. SCHROEDER""",
" ""WAYNE SIDES""",
" ""SONNY BREWER""",
" ""GREG H. FRITH""",
" ""JOSEPH BENTON HOWELL""",
" ""NAN ELIZABETH WOODRUFF""",
" ""AL BROWNING""",
" ""HARRIET E. AMOS DOSS""",
" ""RANDALL GREGORY HOLCOMBE""",
" ""LINDA S. HOWINGTON""",https://en.wikipedia.org/wiki/Linda_Howard
" ""MICHAEL McDOWELL""",https://en.wikipedia.org/wiki/Michael_McDowell_(author)
" ""WAYNE DOUGLAS RUPLE""",
" ""ZEBULON VANCE WILSON""",
" ""JOHN MORGAN DEDERER""",
" ""DEBORAH E. MCDOWELL""",
" ""STEVEN FORD BROWN""",
" ""JOHN COTTLE""",
" ""JAMES R. HANSEN""",
" ""THERON EARLE MONTGOMERY III""",
" ""AMOS JASPER WRIGHT III""",
" ""JAMES THOMAS VOLZ""",
" ""JOHN LEE JR. ARMSTRONG""",
" ""GEORGE E. SIMS""",
" ""WAYNE WOOD""",
" ""PAUL ALEXANDER""",
" ""TOMMY FORD""",
" ""JOHN JEFFERSON HUMPHRIES""",
" ""ADAMS FRAZER HUDSON""",
" ""ANDY ANDREWS""",https://en.wikipedia.org/wiki/Andy_Andrews
" ""GLENN FELDMAN""",
" ""KIRK CURNUTT""",
" ""BETSY BARBER BANCROFT""",
" ""ALLEN BARRA""",
" ""EDWARD YOUNG McMORRIES”",
" ""JOHN ALLEN WYETH”",
" ""BENJAMIN FRANKLIN RILEY""",
" ""ISLA MAY MULLINS”",
" ""THOMAS WAVERLY PALMER”",
" ""JAMES JEFFERSON MAYFIELD”",
" ""THOMAS McADORY OWEN”",
" ""OLIVER DAY STREET”",
" ""JASPER LUTHER BEESON”",
" ""WILLIAM HOLCOMBE THOMAS”",
" ""THOMAS ADKINS STREET”",
" ""ANDREW M. McCONNELL”",
" ""JOHN HENRY WALLACE JR.""",
" ""SAMUEL WALKER CATTS”",
" ""GERTRUDE WOOLLEY ROTH”",
" ""WAVERLY TURNER CARMICHAEL”",
" ""ELIZABETH HOUSTON WINSTON SHEEHAN""",
" ""PETER ALEXANDER BRANNON”",
" ""HOLLAND McTYEIRE SMITH”",
" ""MARION ELIAS LAZENBY”",
" ""J. HADEN ALLDREDGE”",
" ""MAUD McLURE KELLY”",
" ""IONE CROWE GUERARD”",
" ""EDDIE BELL ROZELLE”",
" ""FRANCES E. YOUNGBLOOD”",
" ""FANNIE LEE MCCONDICHIE THOMPSON”",
" ""OMER CARMICHAEL”",
" ""SIMON JACOB SMITH”",
" ""MARGARET ALISON JOHANSEN”",
" ""OTIS E. KIRBY”",
" ""MINNIE CLARE BOYD”",
" ""THAD HOLT”",
" ""ADDIE LEE HIGGINS”",
" ""JELKS BARKSDALE"" Fernbank",
" ""JAMES RUSSELL McELROY”",
" ""JAMES OLIVER WINTZELL”",
" ""PEARL MAGNEASE ROGERS TIDWELL”",
" ""HERSCHEL HAROLD HOBBS”",
" ""ADRIAN RODERICK CURRY",
" ""ALTON LAMBERT SR.”",
" ""MALCOLM COOK McMILLAN”",
" ""IRMA BELLE RUSSELL CRUSE”",
" ""VERN SCOTT”",
" ""REX ALLWIN TURNER SR.”",
" ""MARGARET TURNER STEWART”",
" ""RALPH D. HIGGINBOTHAM”",
" ""HOYT MITCHELL WARREN”",
" ""HELEN MORGAN AKENS”",
" ""DAVID PIERCE MASON”",
" ""VIRGINIA FERGUSON FARNELL""",
" ""MARIE HAM GODFREY”",
" ""DOROTHY DEAN FREE GENTRY""",
" ""WILLIAM LAVENDER”",
" ""CHARLES E. BOYD",
" ""LEE NORCROSS ALLEN”",
" ""WALLACE LAMAR BROWN”",
"""MARIE ROBERTS CHRISTIAN”",
" ""MARY IMOGENE HARRIS”",
" ""INA FINCHER LOWRY”",
" ""WINFRED GENE SANDLIN""",
" ""RUTH E. ROMINE TEAFORD”",
" ""HARRY VOLLIE BARNARD""",
" ""WILLIAM WARREN ROGERS”",
" ""LAMBERT C. MIMS”",
" ""WILLIE HOWARD MAYS”",
" ""BILLY G. TUBBS""",
" ""VIRGINIA ODEN FOSCUE""",
" ""CARLTON LUTHER JACKSON”",
" ""JOAB LANGSTON THOMAS”",
" ""JERRY FRANK BARTLETT”",
" ""BOBBY JOE SEALES""",
" ""TRUDIER HARRIS""",https://en.wikipedia.org/wiki/Trudier_Harris
" ""ROBERT JEFFERSON NORRELL""",
ALBERT A. MULLER,
ALBERT JAMES PICKETT,https://en.wikipedia.org/wiki/Albert_J._Pickett
CHARLES THEODORE MOHR,
VIRGINIA CAROLINE TUNSTALL CLAY-CLOPTON,
TIMOTHY HORTON BALL,
WILLIAM LE ROY BROUN,
HILARY ABNER HERBERT,https://en.wikipedia.org/wiki/Hilary_A._Herbert
WILLIAM CHRISTOPHER JORDAN,
JOHN MASSEY,
ALBERT ALEXANDER McGREGOR,
JOHN WITHERSPOON DuBOSE,
JOSEPH WHEELER,https://en.wikipedia.org/wiki/Joseph_Wheeler
WILLIAM WALLACE SCREWS,
WILLIAM ROBERT HOUGHTON,
L.C. WOOSTER,
ROBERT EMORY PARK,
THADDEUS CONSTANTINE WILLIS BREWER,
MITCHELL BENNETT HOUGHTON,
EDWARD YOUNG McMORRIES,
JOHN ALLEN WYETH,
TRUMAN HEMINWAY ALDRICH,
BENJAMIN FRANKLIN RILEY,
LYDIA JANE NEWCOMB COMINGS,
PATRICK HUES MELL,
LAWRENCE DEAN MILLER,
CHARLES MINNIEGRODE BECKWITH,
THOMAS CHALMERS McCORVEY,
ANNA MARIA GAYLE FRY,
JOEL CAMPBELL DuBOSE,
JAMES HUGH BLAIR HALL,
WILLIAM HERSCHEL BRUCE,
JESSE TALBOT LITTLETON,
CHARLES HENRY DICKINSON,
LOUISE MANLY,
RUFUS R. WYATT,
JOHN WILLIAM BEVERLY,
KATE SLAUGHTER McKINNEY,
WINFIELD HENRY MIXON,
ISLA MAY MULLINS,
ALEATHEA THOMPSON COBBS,
THOMAS WAVERLY PALMER,
JAMES JEFFERSON MAYFIELD,
HERBERT BEMERTON BATTLE,
WALLACE JEROME CHAMBERS,
PAUL VERNON BOMAR,
JAMES ALEXANDER BRYAN,
CHARLES BUTTS,
FREDERIC BACON CULLENS,
DANIEL ARTHUR GREENE,
MICHAEL S. KENNY,
CLARENCE OUSLEY,
AMELIE LOUISE RIVES,https://en.wikipedia.org/wiki/Amélie_Rives_Troubetzkoy
CHARLES P. SMITH,
WILLIAM PHILIP SPRATLING,
GEORGE WILLIAM BROCK,
GEORGE WASHINGTON CARVER,https://en.wikipedia.org/wiki/George_Washington_Carver
WILLIAM JOSEPH DANGAIX,
MARIETTA LOUISE PIERCE JOHNSON,
KATE MAYHEW SPEAKE PENNY,
MARY ELIZABETH RUSSELL BEDDOW,
JOHN MATTHEWS MANLY,
THOMAS McADORY OWEN,
OLIVER DAY STREET,
MONROE NATHAN WORK,https://en.wikipedia.org/wiki/Monroe_Work
ELIZABETH BURFORD BASHINSKY,
JASPER LUTHER BEESON,
EDGAR OLIVER McCORD,
WIGHTMAN FLETCHER MELTON,
ROBERT RUSSA MOTON,https://en.wikipedia.org/wiki/Robert_Russa_Moton
WILLIAM HOLCOMBE THOMAS,
WALTER CLAIBORNE WHITAKER,
LUTHER ALLEN CONNELL,
HENRY PEDER LODING,
EDGAR GARDNER MURPHY,https://en.wikipedia.org/wiki/Edgar_Gardner_Murphy
MARIE BANKHEAD OWEN,
GEORGE IRVING ADAMS,
LEVI ELDER BARTON,
WALTER RICHARD CRANE,
MILDRED REYNOLDS SAFFOLD,
WILL IRVIN MARTIN,
"JOHN RANDOLPH HORNADY, JR.",
ARTHUR HOLMES HOWELL,
EDWARD AVERY McILHENNY,https://en.wikipedia.org/wiki/Edward_Avery_McIlhenny
THOMAS ADKINS STREET,
ALGERNON BLAIR,
ANDREW M. McCONNELL,
HENRY UPSON SIMS,
ALBERT RICHMOND BOND,
MIFFLIN WYATT SWARTZ,
"JOHN HENRY WALLACE, JR.",
ERNEST F. BURCHARD,
JAMES OSCAR COLLEY,
JOHN ROBERT THOMAS RIVES,
SAMUEL WALKER CATTS,
GEORGE JACOB DAVIS,
LESLIE LEE GWALTNEY,
GARRARD HARRIS,
MATTIE MARIE McADORY HUEY,
JOHN LEIGHTON STUART,https://en.wikipedia.org/wiki/John_Leighton_Stuart
GERTRUDE WOOLLEY ROTH,
SPRIGHT DOWELL,
ROLAND McMILLAN HARPER,
CASSIUS MILLER STANLEY,
ALFRED BATTLE BEALLE,
SAMUEL LEE CHESNUTT,
GEORGE LANG,
KATHLEEN MOORE MALLORY,
WILLIAM OSCAR SCROGGS,
JOSEPH SAMUEL GANEY,
"JOHN CHARLES HENLEY, JR.",
POWHATAN WRIGHT JAMES,
WILLIAM PUGH WILKES,
WAVERLY TURNER CARMICHAEL,
THEODORE HENLEY JACK,
FRANK SEAY,
CHARLES H. SEIBERT,
ELIZABETH HOUSTON WINSTON SHEEHAN,
GUY EVERETT SNAVELY,
WILLIAM EVERETTE BOHANNON,
PETER ALEXANDER BRANNON,
CLOVIS GILLHAM CHAPPELL,
HARWELL GOODWIN DAVIS,https://en.wikipedia.org/wiki/Harwell_Goodwin_Davis
THOMAS BURTON MEADOWS,
WILLIAM DAVIS MOORE,
HOLLAND McTYEIRE SMITH,https://en.wikipedia.org/wiki/Holland_Smith
ABRAM ARTEMUS CALLOWAY,
WILLIAM CHARLES CRAVNER,
ELIZABETH ANN ROSS HAYNES,
LEE BIDGOOD,
WILLIAM WATSON DAVIS,
MARY TARVER CARROLL,
NED COBB,
GEORGE WASHINGTON CURRIE,
MARION ELIAS LAZENBY,
HENRY LAFAYETTE ANDERTON,
ELMER TALMAGE CLARK,
GAINES STANLEY DOBBINS,
J. HADEN ALLDREDGE,
JEREMIAH M. BURNS,
SAMUEL FRANCIS HOBBS,
MAUD McLURE KELLY,https://en.wikipedia.org/wiki/Maud_McLure_Kelly
BESSIE LEE BRADFORD WILLIAMS,
SAMUEL B. COLES,
NORMAN WADE COX,
HARRY HARRISON KROLL,
JOHN CECIL PERSONS,
"DAVIS WRIGHT CAMPBELL, SR.",
IONE CROWE GUERARD,
LEON MARR SAHAG,
THOMAS PERKINS ABERNETHY,https://en.wikipedia.org/wiki/Thomas_Perkins_Abernethy
EDDIE BELL ROZELLE,
FRANCES E. YOUNGBLOOD,
ELIZABETH HARRIET KELLY ALLISON,
HERMAN HOFFMAN BIRNEY,
MATTIE CLAIRE HILL COOPER,
ASHAD GHGHE HAWIE,
LUTHER PATRICK,
FANNIE LEE MCCONDICHIE THOMPSON,
SPENCER DROKE BAYER,
CECIL ALLEN CARLISLE,
FRANK MURRAY DIXON,
LOU EMMA EASTBURN MATTHEWS,
GLADSTONE HORACE YEUELL,
ARTHUR DEVRIES BURKE,
OMER CARMICHAEL,
JOSEPH VERNON CHAMBERS,
LEON McCLUER,
FLORA MAE MILNER PIKE,
HALLIE CANTRELL WHITE,
ERDMANN WALTER BURKHARDT,
HERMAN HOLLIS CHAPMAN,
SIMON JACOB SMITH,
EVELYN SMITH DAHL,
VIOLET GROSS ERVIN,
LELIAS EUGENE KIRBY,
ANATOLII IGNATEVICH SHPAKOVSKII,
MARGARET ALISON JOHANSEN,
JOSEPH MITCHELL PILCHER,
ALFRED BARNABY THOMAS,
HENRIETTA MARY THOMPSON,
THOMAS EUGENE WYATT,
PATRICK HENRY YANCEY,
McKINLEY CASH,
LEO GOSSER,
LORRIN GARFIELD KENNAMER,
OTIS E. KIRBY,
JOHN LESLIE MIXSON,
MATTIE PEGUES WOOD,
JAMES ELMER BATHURST,
MINNIE CLARE BOYD,
JESSIE PARKHURST GUZMAN,
THAD HOLT,
ANLOUISA PEARSON,
JOHN PEAVEY WRIGHT,
ERNA OLESON XAN,
PAUL EDGAR ALYEA,
MARSHALL ANDREWS,
ADDIE LEE HIGGINS,
CHAMINTNEY ELIZABETH THOMAS,
HOWELL HUBERT VINES,
LOUISE WARD BOGGAN,
WALTER BROWNLOW POSEY,
ELKIN CALHOUN WILSON,
JELKS BARKSDALE,
"WILLIAM JONATHAN CALVERT, JR.",
OLIVER CROMWELL COX,https://en.wikipedia.org/wiki/Oliver_Cox
WILLIAM JOSIAH KNAPP,
JAMES RUSSELL McELROY,
HARRIET CHAPPELL OWSLEY,
JENNINGS BRYAN SANDERS,
GLENN VINCENT TINGLEY,
ROY IRVEN WHITE,
ROGER DENIO BAKER,
JOHN PERCY DYER,
GASTON FOOTE,
GEORGE P. GRIFFITH,
KNOX IDE,
TOM DOUGLAS SPIES,
MARGARET JOHNSON WILLIAMS,
EUGENIA THOMPSON AKIN,
MARIAN GALLAWAY,
ROSCOE COLEMAN MARTIN,
AGNES MAY,
LILLIAN FORT MEEKS,
JAMES HOWELL STREET,https://en.wikipedia.org/wiki/James_Street_(novelist)
ARNOLD WILLIAM UMBACH,
KATHERINE McKINSTRY DUNCAN,
BUELL GORDON GALLAGHER,
THOMAS EARLE JOHNSON,
JULIAN DOSSY MANCILL,
ROBERT NEVILLE MANN,
WALLACE MARSHALL,
GEORGE COLEMAN OSBORN,
THOMAS CARLYLE TILLERY,
RICHMOND CROOM BEATTY,
SPURGEON QUINTON BRYANT,
LUCILLE BLANCHE GRIFFITH,
JOHN KNOX,
JAMES BARNEY McCLENDON,
DELBERT REID,
LONA MAE LUCKY WILSON,
JOSHUA NICHOLAS WINN III,
JAMES OLIVER WINTZELL,
ROY PRENTICE BASLER,
FLOYD R. DUNN,
GILBERT LEE GUFFIN,
EDWARD JOHNSON LADD,
HORACE SMITH MOSES,
PEARL MAGNEASE ROGERS TIDWELL,
WALTER HARTWELL BENNETT,
HERSCHEL HAROLD HOBBS,
"RICHMOND PEARSON HOBSON, JR.",
MONA SHEPPARD,
EMERSON SPROATT VAN CLEVE,
CECIL EMORY ABERNETHY,
BURNIECE AVERY,
OLLIE LUCY BACKUS,
OLA GRACE BAKER,
ANNA PARKER BRAUNE,
LOIS L. BROWN,
ROBERT LEVERE BRUNHOUSE,
NELL WYLLIE COTTEN,
EUGENE CURRENT-GARCIA,
ADRIAN RODERICK CURRY,
THOMAS REUBEN LAWSON,
LEON MEERTIEF MACON,
LEE SHAFFER McGIFFIN,
JOHN HENRY MELZER,
WILLIAM HENRY WADDELL IV,
LANGSTON THACKER HAWLEY,
IREDELL JENKINS,
INGEBORG LOUISE KALNOKY,
HAROLD K. KATZ,
SOLON TOOTHAKER KIMBALL,
MARGERY THOMPSON LOCKHART,
WALTON RICHARD PATRICK,
DOROTHEA JOHNSTON SNOW,
ZORA SHAY STRAYHORN,
SAMUEL PAUL GARNER,
McCOY GUTHRIE,
ANNIE EARLE LAND HITT,
"ALTON LAMBERT, SR.",
"ALFRED STRATTON LAWRENCE, JR.",
MALCOLM COOK McMILLAN,
ANNE THOMAS GARY PANNELL,
WILLIAM WARD PIGMAN,
ANNIE CROOK WATERS,
ALSTON CALLAHAN,
MILDRED REGINA CROWE,
IRMA BELLE RUSSELL CRUSE,
ROBERT WARREN FRENCH,
DOROTHY LOUISA GREENLEE JACKSON,
WILLIAM F. KITCHENS,
JOHNSTONE PARR,
PIERRE STEPHEN ROBERT PAYNE,
ROBERT PRINCE PAYNE,
VERN SCOTT,
RUTH WIGGINS WALDROP,
DONALD G. WARD,
LEVI WATKINS,https://en.wikipedia.org/wiki/Levi_Watkins
NELL HUGHEY BRASHER,
WEYMOUTH TYREE JORDAN,
ANITA IRWIN LITTRELL,
"REX ALLWIN TURNER, SR.",
WERNHER VON BRAUN,https://en.wikipedia.org/wiki/Wernher_von_Braun
"JOHN BENNETT WALTERS, JR.",
NELLA JEAN CHAMBERS,
ERNEST L. MILLER,
ANDREW EDINGTON,
FURN L. KELLING,
MARGARET TURNER STEWART,
ARTHUR H. WUEHRMAN,
JOHN NEWTON BAKER,
ALTHA THOMPSON DeLOACH,
BERNICE SHIELD HASSINGER,
WILLIAM HARVEY MAEHL,
OLIVER FRAZER ATKINS,
EMANUEL CHERASKIN,
DONALD ECHARD DAVIS,
BYRON A. DICKMAN,
RALPH D. HIGGINBOTHAM,
LEROY LESTER LANGLEY,
JAMES EDWARD LARSON,
VIRGINIA HENDRIX STOVER,
EDWARD CHARLES WILLIAMSON,
RICHARD EARL AMACHER,
THOMAS WELDON CHRISTOPHER,
ROBERT FRANK FUTRELL,
GEORGE ALEXANDER HEARD,https://en.wikipedia.org/wiki/G._Alexander_Heard
F. WILBUR HELMBOLD,
ROBERT BAKER HIGHSAW,
DOROTHY LES TINA,
WILLIAM STEPHEN SMITH,
THOMAS FELIX STATON,
HOYT MITCHELL WARREN,
LEOVIS COATS WHITT,
HELEN MORGAN AKENS,
LEE FERRARA CANNON,
WILLIAM SCHLEVOIGHT CANNON,
ROBERT BERRIEN CHAPMAN,
"THOMAS CALDWELL DELANEY, JR.",
JOHN C. GOODRUM,
WILLIAM EDWARD KIMBROUGH,
CLINTON PATRICK KING,
"JOSEPH BOXLEY ROBERTS, JR.",
ANNIE LOUISE BLACKWELL,
ROBERT THEODORE DALAND,
THOMAS WILLIAM HELM,
JOHN STEELE HENDERSON,
MARY FASSETT HUNT,
DAVID HENRY MALONE,
DAVID PIERCE MASON,
LUTHER QUENTIN PORCH,
DAISY MADARIS STYLES,
DANIEL WEBSTER WYNN,
WILLIAM LAURENCE COLEMAN,
VIRGINIA FERGUSON FARNELL,
MARIE HAM GODFREY,
CLAYTON GILLIS METCALF,
EFFIE WHITE SAWYER,
HENRY EUGENE STERKX,
JOHN THOMAS CARTER,
O. B. EMERSON,
DOROTHY DEAN FREE GENTRY,
WILLIAM LAVENDER,
ALICE REBECCA LOVVORN,
MALCENA CATHERINE CLEEK MANN,
FRANCES SCOTT FITZGERALD SMITH,
ROBERT CYPRIAN VANSWORD,
JOHN MAX WEATHERLY,
CHARLES E. BOYD,
WYNELLE S. DODD,
RICHARD G. KING,
WALTER FERDINAND KOCH,
THOMAS HAL PHILLIPS,
GERTRUDE LOUISE JOHNSON STEPHENS,
"REDDING STANCILL SUGG, JR.",
RICHARD WILLIAM BALL,
MARY KIMBRO BUTLER,
CLYNE BUXTON,
ROBERT ERWIN JOHNSON,
"ALFRED THOMAS MAUND, JR.",
GROVER STEPHEN McLEOD,
MARION PEARSALL,
MARY CLAIRE GRIFFIN,
ABDULLAH AHMED KHATRI,
MAYME RUTH McCONNELL LUCIER,
WILLIAM LEVEY SAMUEL,
"MITCHELL RAYMOND SHARPE, JR.",
ELNA WORRELL STONE,
ERIC NICHOLAS BAKLANOFF,
ELIJAH DENTON CHASTAIN,
MARY ELIZABETH CUNNINGHAM VROMAN,
LEE NORCROSS ALLEN,
WALLACE LAMAR BROWN,
MARIE ROBERTS CHRISTIAN,
MARY IMOGENE HARRIS,
NEOMA JEWELL LAWHON LIDE,
ADALEE DUCKETT WINTER,
BOBBY RAY BEARDEN,
BETTY JO CORUM,
BOB HARRINGTON,
INA FINCHER LOWRY,
FORREST McDONALD,https://en.wikipedia.org/wiki/Forrest_McDonald
"JAMES A. PITTMAN, JR.",
THOMAS JEFFERSON ROUNTREE,
WINFRED GENE SANDLIN,
RUTH E. ROMINE TEAFORD,
MARY MARTHA HOSFORD THOMAS,
DOUGLAS FREDERICK WILLIAMS,
JAMES W. AYERS,
EMMA JOSEFA MACALIK BUTTERWORTH,
NORMAN DUANE DAVIS,
GRADY McWHINEY,https://en.wikipedia.org/wiki/Grady_McWhiney
ROSCOE A. THOMAS,
JOHN CLAYTON WALDEN,
ROLLIN STELY ARMOUR,
HARRY VOLLIE BARNARD,
"ERNEST ALLEN CLEVENGER, JR.",
"MARTIN LUTHER KING, JR.",https://en.wikipedia.org/wiki/Martin_Luther_King_Jr.
EARLENE WOODS LUIS,
HAL BRITTAIN PICKLE,
"JOSEPH C. PILEGGE, JR.",
WILLIAM WARREN ROGERS,
THOMAS LANE BUTTS,
"CHARLES GANGLOFF CRISPENS, JR.",
PETER HARZEM,
JACK DAVID LAZARUS HOLMES,
ALVA HUGH MADDOX,
DELOS BANNING McKOWN,
LAMBERT C. MIMS,
"CHARLES MORGAN, JR.",
MARY JEAN WALLACE PAXTON,
HATTIE LITTLE SMITH,
ROBERT VERNON ANDELSON,
DOROTHY SCOTT JOHNSON,
WILLIE HOWARD MAYS,
ROBERT HUGHES MOUNT,
BILLY G. TUBBS,
"HENRY EUGENE WHITE, JR.",
EUGENE MURPHY,
LESLIE CAINE CAMPBELL,
JOHN LEE FULTS,
FLOYD FURMAN KEARLEY,
DONALD CRUMPTON MOSLEY,
VIRGINIA ODEN FOSCUE,
THEODORE HADDIN,
CARLTON LUTHER JACKSON,
"SAMUEL B. JONES, JR.",
CARTER WILLIAMS MARTIN,
JOAB LANGSTON THOMAS,
BENJAMIN EUGENE GRIESSMAN,
RAYMOND OLAND SUMRALL,
WYLEY DONALD WARD,
CHARLES HAROLD AINSWORTH,
SUE SCALF,
DANIEL T. WILLIAMS,
VERGIL LEWIS WILLIAMS,
WILLIAM HICKMAN MASON,
"PRIEUR JAY HIGGINBOTHAM, JR.",
JONATHAN ASMEL LINDSEY,
ALLENE STUART PHY-OLSEN,
JOHN CHARLES BUSH,
CHIN OWYEE CHUNG,
PATRICIA BLAND CRADDOCK,
MARY JO BLAIR DEAVER,
MARK HARVEY ELOVITZ,
GEORGE WILLIAM FOLKERTS,
RICHARD A. KRAUSE,
JOHN WELLS KUYKENDALL,
JAMES FREDERICK MERSMANN,
"RICHARD WRIGHT WARNER, JR.",
GORDON CREWS BOND,
DAVID W. COOMBS,
WILLIAM HATCHER DAVIS,
CHARLES WILLIAM FOSTER,
JAMES SELWYN HOLLINGSWORTH,
J. DAVID IRWIN,
ELIZABETH B. POLLARD,
JAMES SEAY,
EDWIN ANSEL STRICKLAND,
RICHARD GEORGE BEYER,
GENE L. HOWARD,
NEAL GAMBILL LINEBACK,
SUE BRANNAN WALKER,
LARRY LEE BARKER,
JERRY FRANK BARTLETT,
MARTHA McLAUGHLIN SOLOMON,
JOHN DAVID WORTHAM,
RODNEY REID BADGER,
JOHN JOSEPH BURKE JR.,
LAWRENCE ANTHONY CLAYTON,
RONALD NORMAN DELBENE,
CARL GRAFTON,
JAMES H. GUNDLACH,
BARRY HANNAH,https://en.wikipedia.org/wiki/Barry_Hannah
SAMUEL NISSLEY STAYER,
MICHAEL VINCENT R. THOMASON,
JEAN CAROLE WICKSTROM,
STEVE WRIGHT,
WILLIAM CURTIS BARNWELL,
DONALD MICHAEL BELLANTE,
DAVID BRUCE BROWN,
RONALD JAMES CALDWELL,
ROBERT FRANCIS HEBERT,
"FRED COLBY HOBSON, JR.",
EDWARD SHANNON LaMONTE,
ALICIA VOGT LINZEY,
ALAN DAVID PERLIS,
DONALD MERRITT SNOW,
SAMIA ISKANDER SPENCER,
EMILY MARTIN AHERN,
"ROBERT FELGAR, III",
HARRY MASON JOINER,
ANNE PERMALOFF,
MARJORIE LONGNECKER WHITE,
JEFFREY C. BENTON,
FREDERIC JOSEPH BONNIE,
D. GREGORY JEANE,
JOSE A. MADRIGAL,
BOBBY JOE SEALES,
JOSEPH BARTON STARR,
"EARL H. TILFORD, JR.",
ROCHELLE LYNN HOLT DUBOIS,
SUSAN HALL HERPORT,
DONALD STAFFO,
ALLEN WIER,https://en.wikipedia.org/wiki/Allen_Wier
DAVID LINCOLN MARTIN,
GARY L. BANISTER,
JEROME GREER CHANDLER,
FRANK THEODORE KANELOS,
KATHLEEN LOGAN,
JAMES GLEN STOVALL,
JAMES ROY ACCARDI,
EUGENE MADISON FUTATO,
DARA WIER,https://en.wikipedia.org/wiki/Dara_Barrois/Dixon
"HANK WILLIAMS, JR.",https://en.wikipedia.org/wiki/Hank_Williams_Jr.
STEPHEN W. ARMSTRONG,
ROBERT JEFFERSON NORRELL,
JOE FORMICHELLA,
JO SUSENBACH KITTINGER,
JUDY TAYLOR CHAVEZ,
MIKE BYNUM,
JULIE HEDGEPETH WILLIAMS,
JOHN CLARK McDERMOTT,
WENDY M. REED,